basinID,S0,S1,f,Smax,Qmax,Df,Tmax,Tmin
01013500,408.2755,902.7135,0.0182329,2588.07,49.004387,4.776395,1.8793386,-2.1946492
01022500,618.53735,1113.3063,0.032939173,1926.2926,180.0,2.0994473,-0.481,-2.1985757
01030500,624.4626,394.08603,0.021847742,1948.6406,65.25856,2.6864119,0.3394031,-3.7798455
01031500,569.5632,10.1,0.051616028,1609.9988,114.084,3.0664687,-0.5,-1.0717791
01047000,2.55,296.2626,0.039060637,491.20483,78.29081,3.9839327,0.77260125,-2.824277
01052500,317.8886,170.51904,0.05468352,839.509,105.9133,3.8703642,0.5113248,-4.162009
01054200,102.42559,11.0,0.09465385,335.54694,137.02885,4.238455,2.100511,-4.5879393
