basinID,S0,S1,f,Smax,Qmax,Df,Tmax,Tmin
01013500,817.4543811194083,65.04775325696937,0.020108849273124896,1571.5240647367496,139.48885671114732,2.5157113106911826,0.7803693124635149,-2.1693651558662803
01022500,380.71620055261457,1040.9690048931398,0.032675169360941135,2308.718661755544,136.94647533646585,1.422116210232881,0.14600917963846727,-4.772408497986219
01030500,384.5412073698882,932.456746334568,0.01818994051689264,1471.5384258080162,95.29135320622541,3.1668274502401577,1.2190718528420792,-1.8544561653511846
01031500,235.81563031503117,1372.4540176663368,0.049743602020546895,2330.433964696556,13.673294467964098,3.3574348672506202,1.6141567065561535,-5.037131324617383
01047000,591.2574402986444,655.7760573174438,0.029852963474122765,2284.452988556506,71.56508803247581,3.8770749393161505,0.2394446029048689,-4.032761860043699
