basinID,S0,S1,f,Smax,Qmax,Df,Tmax,Tmin
01013500,299.29773,825.38446,0.014409807,1532.8143,53.122093,3.193377,0.6111679,-1.5715582
01022500,146.59926,594.32227,0.03325719,851.6647,20.669231,1.8599603,-0.060896717,-3.5425947
01030500,537.98315,191.38066,0.022115868,1021.88794,136.4724,2.3450167,-0.21467508,-2.371271
01031500,310.9888,136.89622,0.044581197,671.07355,169.94029,2.2269776,-0.4340332,-3.1014147
01047000,290.5512,180.95866,0.075627655,989.0753,115.6403,1.8920177,-0.09206643,-4.263366
01052500,152.5447,598.848,0.04213237,1074.3136,35.73043,4.126365,0.58668834,-3.3005598
