basinID,S0,S1,f,Smax,Qmax,Df,Tmax,Tmin
01013500,408.2755,902.7135,0.0182329,2588.07,49.004387,4.776395,1.8793386,-2.1946492
01022500,618.53735,1113.3063,0.032939173,1926.2926,180.0,2.0994473,-0.481,-2.1985757
01030500,624.4626,394.08603,0.021847742,1948.6406,65.25856,2.6864119,0.3394031,-3.7798455
