basinID,S0,S1,f,Smax,Qmax,Df,Tmax,Tmin
01013500,363.9338,1032.4883,0.014932309,1836.3798,97.9071,3.8559926,0.7254527,-2.7416952
01022500,337.29062,129.27322,0.034202617,1033.1155,37.540554,1.7674509,1.0156729,-4.722725
01030500,639.7044,779.3593,0.019987814,1597.3195,60.518345,4.259521,1.3873103,-3.665572
01031500,449.27765,742.16943,0.060263973,1289.2968,57.695385,3.1369593,0.9211728,-4.8001504
01047000,517.14154,446.15863,0.075593315,1364.5413,106.7384,2.2940266,-0.1595016,-4.200088
01052500,461.82104,1126.8896,0.042376123,1709.4481,143.40257,4.18542,1.1373832,-4.5254874
01054200,320.81653,1191.7479,0.13488567,1370.1217,103.355316,3.129645,0.36559275,-2.2532735
