basinID,S0,S1,f,Smax,Qmax,Df,Tmax,Tmin
01013500,211.92501833701925,1500.0,0.0465837944472409,2576.5368949017675,65.679031332687,3.241513885833572,1.5683267944627546,-6.0
01013500,129.48499782913666,819.7803377571859,0.0249273091754639,2272.284175975772,40.00752180819328,2.5247296058248554,2.625365752138285,-5.595253937303895
06431500,257.4960608035326,1150.2248481940478,0.0116514069959521,2472.4075401201844,86.69137868098915,1.8293110746890304,2.8005033366382124,-5.970888712070883
01013500,108.03519253333214,905.4456889849446,0.0036592486380089,1153.8879791171146,20.725891634246025,5.267419067089999,8.9,-5.400308095737955
01013500,0.0,377.3462082682738,0.1600405610323135,1794.800340509432,2.0,0.8654438950911653,4.439138050831487,-6.0
01013500,436.6195769275726,1125.0209041442129,0.019984901710272177,2647.062701266931,117.1414202390225,2.383261518241458,-0.5,-3.656171955927723
