basin,nse,alpha-nse,beta-nse,fhv,fms,flv,kge,beta-kge,peak-timing,peak-mape,pearson-r
01439500,0.672464064754287,0.6785099,0.87578624,-35.11938154697418,-16.315677474570485,22.24582191777567,0.621435299714054,0.87578624,0.18181818181818182,39.47813727638938,0.8433912991708339
