basin,nse,alpha-nse,beta-nse,fhv,fms,flv,kge,beta-kge,peak-timing,peak-mape,pearson-r
01439500,0.6465545271064432,0.6752571,0.9036006,-33.10335874557495,-22.650874421987023,0.11861689032859966,0.6170514347305811,0.9036006,0.34146341463414637,38.258585115758386,0.8213976637430558
