basin,nse,alpha-nse,beta-nse,fhv,fms,flv,kge,beta-kge,peak-timing,peak-mape,pearson-r
01440000,0.48785409991869255,0.4996015,0.8906187,-45.561283826828,-47.802014707184306,33.4352152420316,0.4280011101184418,0.8906187,0.3695652173913043,49.855439559273094,0.7454026480230042
