basin,nse,alpha-nse,beta-nse,fhv,fms,flv,kge,beta-kge,peak-timing,peak-mape,pearson-r
01440000,0.5210957723556399,0.48674843,0.8726767,-50.381189584732056,-42.06826965856916,29.95033355641467,0.43003927903599637,0.8726767,0.1,55.8138656616211,0.7873575390717809
